Label,# Samples,Average,Median,90% Line,95% Line,99% Line,Min,Max,Error %,Throughput,Received KB/sec,Sent KB/sec
HTTP Request,100000,745,663,1257,1460,2026,2,2850,0.000%,1290.28928,3742.97,217.99
TOTAL,100000,745,663,1257,1460,2026,2,2850,0.000%,1290.28928,3742.97,217.99
