Label,# Samples,Average,Median,90% Line,95% Line,99% Line,Min,Max,Error %,Throughput,Received KB/sec,Sent KB/sec
HTTP Request,150000,1357,1270,2171,2489,3062,2,4725,0.000%,1073.03813,3117.15,181.28
TOTAL,150000,1357,1270,2171,2489,3062,2,4725,0.000%,1073.03813,3117.15,181.28
