Label,# Samples,Average,Median,90% Line,95% Line,99% Line,Min,Max,Error %,Throughput,Received KB/sec,Sent KB/sec
HTTP Request,200000,2205,2103,3420,3833,4747,2,8257,1.805%,886.15166,2563.27,147.01
TOTAL,200000,2205,2103,3420,3833,4747,2,8257,1.805%,886.15166,2563.27,147.01
